cur_rs_id,cli_rs_id,proxy_rs_id,combnd_rs_id,rs_uniq_id,trait_class,trait,gene,effect_b_or_r,scoretype,Proxy,NA,VA,complement,genotype,allele_1,allele_2,switch,va_switched,combnd_va,VA_A1,VA_A2,A1_A2,VA_NoPrxy,Geno_--,eff_R,eff_B,swi_y,sco_ty_x,sco_ty_y,sco_ty_z,combnd_score
rs762551,rs762551,,rs762551,rs762551|T1.0|1,1.0,Caffeine sensitivity,CYP1A2,R,Y,N,A,C,N,AA,A,A,N,NA,C,0,0,1,0,0,1,0,0,0,1,0,2
rs12720461,rs12720461,,rs12720461,rs12720461|Tnan|1,,,CYP1A2,R,Y,N,C,T,N,TC,T,C,N,NA,T,1,0,0,0,0,1,0,0,0,1,0,0
rs72547517,rs72547517,,rs72547517,rs72547517|Tnan|1,,,CYP1A2,R,Y,N,G,A,N,GG,G,G,N,NA,A,0,0,1,0,0,1,0,0,0,1,0,2
rs72547515,rs72547515,,rs72547515,rs72547515|Tnan|1,,,CYP1A2,R,Y,N,G,A,N,GG,G,G,N,NA,A,0,0,1,0,0,1,0,0,0,1,0,2
rs11854147,NA,rs2472299,rs2472299,rs2472299|Tnan|NA1,,,CYP1A2,R,Y,Y,G,A,N,GG,G,G,N,NA,A,0,0,1,0,0,1,0,0,0,1,0,2
rs762551,rs762551,,rs762551,rs762551|T2.0|2,2.0,Caffeine sensitivity & smoking,CYP1A2,R,Y,N,C,A,N,AA,A,A,N,NA,A,1,1,1,0,0,1,0,0,0,1,0,0
rs2472297,rs2472297,,rs2472297,rs2472297|Tnan|1,,,CYP1A2,R,Y,N,C,T,N,CC,C,C,N,NA,T,0,0,1,0,0,1,0,0,0,1,0,2
rs2470893,rs2470893,,rs2470893,rs2470893|Tnan|1,,,CYP1A1,R,Y,N,C,T,N,TC,T,C,N,NA,T,1,0,0,0,0,1,0,0,0,1,0,0
rs6968865,rs6968865,,rs6968865,rs6968865|Tnan|1,,,AHR,R,Y,N,A,T,Y,TA,T,A,N,NA,T,1,0,0,0,0,1,0,0,0,1,0,0
rs4410790,rs4410790,,rs4410790,rs4410790|Tnan|1,,,AHR,R,Y,N,T,C,N,TC,T,C,N,NA,C,0,1,0,0,0,1,0,0,0,1,0,0
rs1051730,rs1051730,,rs1051730,rs1051730|Tnan|1,,,CHRNA5,R,Y,N,C,A,N,AG,A,G,N,NA,A,1,0,0,0,0,1,0,0,0,1,0,0
rs16969968,rs16969968,,rs16969968,rs16969968|Tnan|1,,,CHRNA5,R,Y,N,G,A,N,AG,A,G,N,NA,A,1,0,0,0,0,1,0,0,0,1,0,0
rs762551,rs762551,,rs762551,rs762551|T3.0|3,3.0,Sprint activity/ Sprinting performance-enhancing effects of caffeine,CYP1A2,R,Y,N,A,C,N,AA,A,A,N,NA,C,0,0,1,0,0,1,0,0,0,1,0,2
rs5751876,NA,rs2298383,rs2298383,rs2298383|Tnan|NA1,,,ADORA2A,R,Y,Y,T,C,N,TC,T,C,N,NA,C,0,1,0,0,0,1,0,0,0,1,0,0
rs5751876,NA,rs2298383,rs2298383,rs2298383|T4.0|NA2,4.0,caffeine-induced insomnia,ADORA2A,R,X,Y,T,C,N,TC,T,C,N,NA,C,0,1,0,0,0,1,0,0,1,0,0,1
rs3761422,rs3761422,,rs3761422,rs3761422|Tnan|1,,,ADORA2A,R,Y,N,T,C,N,TC,T,C,N,NA,C,0,1,0,0,0,1,0,0,0,1,0,0
rs2298383,rs2298383,,rs2298383,rs2298383|Tnan|3,,,ADORA2A,R,Y,N,C,T,N,TC,T,C,N,NA,T,1,0,0,0,0,1,0,0,0,1,0,0
rs4822492,NA,rs2298383,rs2298383,rs2298383|Tnan|NA4,,,ADORA2A,R,Y,Y,T,C,N,TC,T,C,N,NA,C,0,1,0,0,0,1,0,0,0,1,0,0
rs5751876,NA,rs2298383,rs2298383,rs2298383|T5.0|NA5,5.0,caffeine-induced anxiety and panic disorder,ADORA2A,R,Z,Y,T,C,N,TC,T,C,N,NA,C,0,1,0,0,0,1,0,0,0,0,1,2
rs35320474,NA,No Proxy,No Proxy,No Proxy1,,,ADORA2A,R,Z,Y,No Proxy,No Proxy,N,No Proxy,NA,NA,N,NA,No Proxy,0,0,1,1,0,1,0,0,0,0,1,X
rs3761422,rs3761422,,rs3761422,rs3761422|Tnan|2,,,ADORA2A,R,Z,N,C,T,N,TC,T,C,N,NA,T,1,0,0,0,0,1,0,0,0,0,1,2
rs2298383,rs2298383,,rs2298383,rs2298383|Tnan|6,,,ADORA2A,R,Z,N,T,C,N,TC,T,C,N,NA,C,0,1,0,0,0,1,0,0,0,0,1,2
rs4822492,NA,rs2298383,rs2298383,rs2298383|Tnan|NA7,,,ADORA2A,R,Z,Y,T,C,N,TC,T,C,N,NA,C,0,1,0,0,0,1,0,0,0,0,1,2
rs762551,rs762551,,rs762551,rs762551|T6.0|4,6.0,Caffeine induced hypertension,CYP1A2,R,Y,N,A,C,N,AA,A,A,N,NA,C,0,0,1,0,0,1,0,0,0,1,0,2
rs2472297,rs2472297,,rs2472297,rs2472297|Tnan|2,,,CYP1A2,R,Y,N,T,C,N,CC,C,C,N,NA,C,1,1,1,0,0,1,0,0,0,1,0,0
rs1378942,rs1378942,,rs1378942,rs1378942|Tnan|1,,,CSK,R,Y,N,A,C,N,AC,A,C,N,NA,C,0,1,0,0,0,1,0,0,0,1,0,0
rs6495122,rs6495122,,rs6495122,rs6495122|Tnan|1,,,CSK/CPLX3,R,Y,N,C,A,N,AC,A,C,N,NA,A,1,0,0,0,0,1,0,0,0,1,0,0
rs6968865,rs6968865,,rs6968865,rs6968865|Tnan|2,,,AHR,R,Y,N,A,T,Y,TA,T,A,N,NA,T,1,0,0,0,0,1,0,0,0,1,0,0
rs2470893,rs2470893,,rs2470893,rs2470893|Tnan|2,,,CYP1A1,R,Y,N,C,T,N,TC,T,C,N,NA,T,1,0,0,0,0,1,0,0,0,1,0,0
rs5751876,NA,rs2298383,rs2298383,rs2298383|T7.0|NA8,7.0,Caffeine & Blood glucose,ADORA2A,R,Z,Y,T,C,N,TC,T,C,N,NA,C,0,1,0,0,0,1,0,0,0,0,1,2
rs762551,rs762551,,rs762551,rs762551|Tnan|5,,,CYP1A2,R,Y,N,A,C,N,AA,A,A,N,NA,C,0,0,1,0,0,1,0,0,0,1,0,2
rs762551,rs762551,,rs762551,rs762551|T8.0|6,8.0,Caffeine & heart health,CYP1A2,R,Y,N,A,C,N,AA,A,A,N,NA,C,0,0,1,0,0,1,0,0,0,1,0,2
rs762551,rs762551,,rs762551,rs762551|T9.0|7,9.0,caffeine and appetite,CYP1A2,R,Z,N,C,A,N,AA,A,A,N,NA,A,1,1,1,0,0,1,0,0,0,0,1,0
rs762551,rs762551,,rs762551,rs762551|T10.0|8,10.0,caffeine & iron absorption,CYP1A2,R,Y,N,A,C,N,AA,A,A,N,NA,C,0,0,1,0,0,1,0,0,0,1,0,2
rs11854147,NA,rs2472299,rs2472299,rs2472299|T11.0|NA2,11.0,Caffeine & bone health,CYP1A2,R,Z,Y,G,A,N,GG,G,G,N,NA,A,0,0,1,0,0,1,0,0,0,0,1,2
rs2472297,rs2472297,,rs2472297,rs2472297|T12.0|3,12.0,High consumption,CYP1A2,R,Y,N,C,T,N,CC,C,C,N,NA,T,0,0,1,0,0,1,0,0,0,1,0,2
rs6968865,rs6968865,,rs6968865,rs6968865|Tnan|3,,,AHR,R,Y,N,A,T,Y,TA,T,A,N,NA,T,1,0,0,0,0,1,0,0,0,1,0,0
rs4410790,rs4410790,,rs4410790,rs4410790|Tnan|2,,,AHR,R,Y,N,T,C,N,TC,T,C,N,NA,C,0,1,0,0,0,1,0,0,0,1,0,0
rs6968554,NA,rs4410790,rs4410790,rs4410790|Tnan|NA3,,,AHR,R,Y,Y,C,T,N,TC,T,C,N,NA,T,1,0,0,0,0,1,0,0,0,1,0,0
rs597045,NA,No Proxy,No Proxy,No Proxy2,,,OR5M7P,R,Y,Y,No Proxy,No Proxy,N,No Proxy,NA,NA,N,NA,No Proxy,0,0,1,1,0,1,0,0,0,1,0,X
rs17685,rs17685,,rs17685,rs17685|Tnan|1,,,POR,R,Y,N,G,A,N,AG,A,G,N,NA,A,1,0,0,0,0,1,0,0,0,1,0,0
rs2330783,NA,rs3788371,rs3788371,rs3788371|Tnan|NA1,,,ADORA2A ,R,Y,Y,A,G,N,AA,A,A,N,NA,G,0,0,1,0,0,1,0,0,0,1,0,2
rs56113850,NA,No Proxy,No Proxy,No Proxy3,,,CYP2A6,R,Y,Y,No Proxy,No Proxy,N,No Proxy,NA,NA,N,NA,No Proxy,0,0,1,1,0,1,0,0,0,1,0,X
rs1481012,rs1481012,,rs1481012,rs1481012|Tnan|1,,,ABCG2,R,Y,N,G,A,N,AA,A,A,N,NA,A,1,1,1,0,0,1,0,0,0,1,0,0
rs7800944,rs7800944,,rs7800944,rs7800944|Tnan|1,,,MLXIPL,R,Y,N,T,C,N,TC,T,C,N,NA,C,0,1,0,0,0,1,0,0,0,1,0,0
rs6265,rs6265,,rs6265,rs6265|Tnan|1,,,BDNF,R,Y,N,A,C,N,CC,C,C,N,NA,C,1,1,1,0,0,1,0,0,0,1,0,0
rs9902453,rs9902453,,rs9902453,rs9902453|Tnan|1,,,EFCAB5,R,Y,N,A,G,N,AG,A,G,N,NA,G,0,1,0,0,0,1,0,0,0,1,0,0
rs1260326,rs1260326,,rs1260326,rs1260326|Tnan|1,,,GKCR,R,Y,N,T,C,N,TT,T,T,N,NA,C,0,0,1,0,0,1,0,0,0,1,0,2
rs6495122,rs6495122,,rs6495122,rs6495122|Tnan|2,,,CSK/CPLX3,R,Y,N,C,A,N,AC,A,C,N,NA,A,1,0,0,0,0,1,0,0,0,1,0,0
rs2470893,rs2470893,,rs2470893,rs2470893|Tnan|3,,,CYP1A2,R,Y,N,C,T,N,TC,T,C,N,NA,T,1,0,0,0,0,1,0,0,0,1,0,0
